id,VillagersFirstName,VillagersLastName,VillagersAge,VillagersGender,VillagePopulationCategory,VillagersLiteracy,VillagersProfession,AdmitDate,UpdationDate,hospitalStatus
1,Rohan,Bedage,19,male,Adults,Literate,Engineer,Active,NULL,Active
2,Sakshi,Sharma,4,female,Infants,Illiterate,Student,Active,NULL,Active
3,Amit,Kumar,9,male,Children,Literate,Student,Active,NULL,Active
4,Kavita,Devi,16,female,Teenagers,Literate,Student,Active,NULL,Active
5,Ramesh,Yadav,35,male,Adults,Literate,Farmer,Active,NULL,Active
6,Smita,Patel,28,female,Adults,Literate,Teacher,Active,NULL,Active
7,Vikas,Singh,45,male,Older Adults,Literate,Doctor,Active,NULL,Active
8,Neeraj,Verma,55,male,Older Adults,Literate,Engineer,Active,NULL,Active
9,Monica,Sharma,32,female,Adults,Literate,Lawyer,Active,NULL,Active
10,Rajeev,Gupta,27,male,Adults,Literate,Journalist,Active,NULL,Active
11,Anita,Kumari,23,female,Adults,Literate,Nurse,Active,NULL,Active
12,Sanjay,Yadav,40,male,Older Adults,Literate,Professor,Active,NULL,Active
13,Aruna,Singh,34,female,Adults,Literate,Property Manager,Active,NULL,Active
14,Alok,Sharma,30,male,Adults,Literate,Reporter,Active,NULL,Active
15,Priya,Mishra,29,female,Adults,Literate,Scientist,Active,NULL,Active
16,Mahesh,Kumar,42,male,Older Adults,Literate,Social Worker,Active,NULL,Active
17,Sapna,Patel,38,female,Adults,Literate,Writer,Active,NULL,Active
18,Rajesh,Verma,50,male,Older Adults,Literate,Technician,Active,NULL,Active
19,Kiran,Kumari,26,female,Adults,Literate,Plumber,Active,NULL,Active
20,Vivek,Yadav,37,male,Adults,Literate,Electrician,Active,NULL,Active
21,Suman,Sharma,22,female,Adults,Literate,Laborer,Active,NULL,Active
22,Preeti,Yadav,18,female,Adults,Literate,Cleaner,Active,NULL,Active
23,Kunal,Chauhan,31,male,Adults,Literate,Chemist,Active,NULL,Active
24,Priyanka,Sharma,25,female,Adults,Literate,Fashion Designer,Active,NULL,Active
25,Ashok,Kumar,47,male,Older Adults,Literate,Firefighter,Active,NULL,Active
26,Manish,Patel,33,male,Adults,Literate,Student,Active,NULL,Active
27,Komal,Singh,8,female,Children,Illiterate,Student,Active,NULL,Active
28,Shivani,Verma,14,female,Teenagers,Literate,Student,Active,NULL,Active
29,Amit,Kumar,32,male,Adults,Literate,Engineer,Active,NULL,Active
30,Rajni,Devi,30,female,Adults,Literate,Lawyer,Active,NULL,Active
31,Sunil,Singh,42,male,Older Adults,Literate,Journalist,Active,NULL,Active
32,Sunita,Sharma,28,female,Adults,Literate,Nurse,Active,NULL,Active
33,Pradeep,Yadav,36,male,Adults,Literate,Professor,Active,NULL,Active
34,Radhika,Kumari,25,female,Adults,Literate,Property Manager,Active,NULL,Active
35,Vikram,Patel,47,male,Older Adults,Literate,Reporter,Active,NULL,Active
36,Madhuri,Mishra,29,female,Adults,Literate,Scientist,Active,NULL,Active
37,Deepak,Kumar,39,male,Adults,Literate,Social Worker,Active,NULL,Active
38,Nisha,Sharma,27,female,Adults,Literate,Writer,Active,NULL,Active
39,Santosh,Verma,52,male,Older Adults,Literate,Technician,Active,NULL,Active
40,Seema,Kumari,24,female,Adults,Literate,Plumber,Active,NULL,Active
41,Suresh,Yadav,43,male,Older Adults,Literate,Electrician,Active,NULL,Active
42,Arti,Patel,21,female,Adults,Literate,Laborer,Active,NULL,Active
43,Nitin,Chauhan,34,male,Adults,Literate,Cleaner,Active,NULL,Active
44,Anjali,Sharma,26,female,Adults,Literate,Chemist,Active,NULL,Active
45,Mukesh,Kumar,48,male,Older Adults,Literate,Fashion Designer,Active,NULL,Active
46,Neelam,Verma,31,female,Adults,Literate,Firefighter,Active,NULL,Active
47,Sanjay,Patel,35,male,Adults,Literate,Student,Active,NULL,Active
48,Pooja,Singh,7,female,Children,Illiterate,Student,Active,NULL,Active
49,Rahul,Kumar,15,male,Teenagers,Literate,Student,Active,NULL,Active
50,Savita,Sharma,33,female,Adults,Literate,Engineer,Active,NULL,Active
51,Kamal,Kumari,29,female,Adults,Literate,Lawyer,Active,NULL,Active
52,Sandeep,Singh,44,male,Older Adults,Literate,Journalist,Active,NULL,Active
53,Shweta,Patel,30,female,Adults,Literate,Nurse,Active,NULL,Active
54,Rajesh,Yadav,38,male,Adults,Literate,Professor,Active,NULL,Active
55,Neetu,Sharma,28,female,Adults,Literate,Property Manager,Active,NULL,Active
56,Ajay,Kumar,54,male,Older Adults,Literate,Reporter,Active,NULL,Active
57,Kiran,Mishra,26,female,Adults,Literate,Scientist,Active,NULL,Active
58,Satish,Kumar,41,male,Older Adults,Literate,Social Worker,Active,NULL,Active
59,Sangeeta,Patel,23,female,Adults,Literate,Writer,Active,NULL,Active
60,Mukesh,Verma,49,male,Older Adults,Literate,Technician,Active,NULL,
61,Anju,Kumari,22,female,Adults,Literate,Plumber,Active,NULL,Active
62,Vijay,Yadav,37,male,Adults,Literate,Electrician,Active,NULL,Active
63,Sarita,Sharma,19,female,Adults,Literate,Laborer,Active,NULL,Active
64,Ravi,Chauhan,33,male,Adults,Literate,Cleaner,Active,NULL,Active
65,Sonia,Sharma,20,female,Adults,Literate,Chemist,Active,NULL,Active
66,Prakash,Kumar,46,male,Older Adults,Literate,Fashion Designer,Active,NULL,Active
67,Suman,Verma,32,female,Adults,Literate,Firefighter,Active,NULL,Active
68,Suresh,Patel,34,male,Adults,Literate,Student,Active,NULL,Active
69,Anita,Singh,6,female,Children,Illiterate,Student,Active,NULL,Active
70,Mohit,Kumar,13,male,Teenagers,Literate,Student,Active,NULL,Active
71,Neetu,Sharma,32,female,Adults,Literate,Engineer,Active,NULL,Active
72,Vikas,Kumar,29,male,Adults,Literate,Lawyer,Active,NULL,Active
73,Ashwini,Patel,43,female,Older Adults,Literate,Journalist,Active,NULL,Active
74,Dinesh,Yadav,37,male,Adults,Literate,Nurse,Active,NULL,Active
75,Rekha,Sharma,53,female,Older Adults,Literate,Professor,Active,NULL,Active
76,Manoj,Verma,27,male,Adults,Literate,Property Manager,Active,NULL,Active
77,Anjali,Kumari,25,female,Adults,Literate,Reporter,Active,NULL,Active
78,Rajendra,Mishra,29,male,Adults,Literate,Scientist,Active,NULL,Active
79,Priyanka,Kumari,36,female,Adults,Literate,Social Worker,Active,NULL,Active
80,Alok,Patel,24,male,Adults,Literate,Writer,Active,NULL,Active
81,Anita,Chauhan,51,female,Older Adults,Literate,Technician,Active,NULL,Active
82,Rahul,Sharma,28,male,Adults,Literate,Plumber,Active,NULL,Active
83,Sangeeta,Singh,45,female,Older Adults,Literate,Electrician,Active,NULL,Active
84,Pradeep,Yadav,23,male,Adults,Literate,Laborer,Active,NULL,Active
85,Priya,Patel,30,female,Adults,Literate,Cleaner,Active,NULL,Active
86,Sanjay,Kumar,35,male,Adults,Literate,Chemist,Active,NULL,Active
87,Sarita,Sharma,29,female,Adults,Literate,Fashion Designer,Active,NULL,Active
88,Vivek,Verma,48,male,Older Adults,Literate,Firefighter,Active,NULL,Active
89,Poonam,Patel,31,female,Adults,Literate,Student,Active,NULL,Active
90,Ravi,Kumar,5,male,Infants,Illiterate,Student,Active,NULL,Active
91,Neeraj,Sharma,12,female,Children,Literate,Student,Active,NULL,Active
92,Rajat,Kumar,17,male,Teenagers,Literate,Student,Active,NULL,Active
93,Neeta,Singh,40,female,Older Adults,Literate,Engineer,Active,NULL,Active
94,Ram,Kumar,36,male,Adults,Literate,Lawyer,Active,NULL,Active
95,Kavita,Patel,33,female,Adults,Literate,Journalist,Active,NULL,Active
96,Rajesh,Yadav,34,male,Adults,Literate,Nurse,Active,NULL,Active
97,Suman,Sharma,21,female,Adults,Literate,Professor,Active,NULL,Active
98,Arjun,Verma,27,male,Adults,Literate,Property Manager,Active,NULL,Active
99,Kusum,Kumari,37,female,Adults,Literate,Reporter,Active,NULL,Active
100,Rajendra,Kumar,22,male,Adults,Literate,Scientist,Active,NULL,Active
101,Kajal,Sharma,26,female,Adults,Literate,Social Worker,Active,NULL,Active
102,Suresh,Patel,41,male,Older Adults,Literate,Writer,Active,NULL,Active
103,Anita,Yadav,50,female,Older Adults,Literate,Technician,Active,NULL,Active
104,Mukesh,Kumar,19,male,Adults,Literate,Plumber,Active,NULL,Active
105,Neelam,Sharma,38,female,Adults,Literate,Electrician,Active,NULL,Active
106,Sachin,Patel,44,male,Older Adults,Literate,Laborer,Active,NULL,Active
107,Reena,Kumari,28,female,Adults,Literate,Cleaner,Active,NULL,Active
108,Kunal,Chauhan,30,male,Adults,Literate,Chemist,Active,NULL,Active
109,Sunita,Patel,47,female,Older Adults,Literate,Fashion Designer,Active,NULL,Active
110,Satish,Kumar,32,male,Adults,Literate,Firefighter,Active,NULL,Active
111,Pooja,Sharma,27,female,Adults,Literate,Student,Active,NULL,Active
112,Amit,Kumar,3,male,Infants,Illiterate,Student,Active,NULL,Active
113,Shivani,Verma,11,female,Children,Literate,Student,Active,NULL,Active
114,Ajay,Kumar,16,male,Teenagers,Literate,Student,Active,NULL,Active
115,Anita,Patel,31,female,Adults,Literate,Engineer,Active,NULL,Active
116,Rajesh,Kumar,28,male,Adults,Literate,Lawyer,Active,NULL,Active
117,Ashwini,Singh,39,female,Adults,Literate,Journalist,Active,NULL,Active
118,Sarita,Patel,35,male,Adults,Literate,Nurse,Active,NULL,Active
119,Ravi,Chauhan,20,female,Adults,Literate,Professor,Active,NULL,Active
120,Neetu,Kumari,24,male,Adults,Literate,Property Manager,Active,NULL,Active
121,Santosh,Yadav,55,female,Older Adults,Literate,Reporter,Active,NULL,Active
122,Seema,Sharma,29,male,Adults,Literate,Scientist,Active,NULL,Active
123,Sandesh,Kumar,37,female,Adults,Literate,Social Worker,Active,NULL,Active
