1,Rohan,Rohan,Bedage,45,rohanbedage2001@gmail.com,rohanbedage@gmail.com,rohan123,8329231213,male,Rohan.jpg,"Sunset Villa, 1st Lane, Mahabaleshwar , Maharashtra.",0,0000-00-00 00:00:00,7462,15387,0,,1,otp
2,Amit,Amit,Kumar,29,amitkumar1994@gmail.com,amitkumar@gmail.com,amit123,9865321470,male,Amit.jpg,"Green Valley, 2nd Lane, Mahabaleshwar , Maharashtra.",0,0000-00-00 00:00:00,3590,8256,0,0,2,
3,Priya,Priya,Singh,34,priyasingh1989@gmail.com,priyasingh@gmail.com,priya123,7756894321,female,Priya.jpg,"Pine Haven, 3rd Lane, Mahabaleshwar , Maharashtra.",0,0000-00-00 00:00:00,5874,12035,0,0,3,
4,Sanjay,Sanjay,Patel,56,sanjaypatel1967@gmail.com,sanjaypatel@gmail.com,sanjay123,9008742365,male,Sanjay.jpg,"Silver Crest, 4th Lane, Mahabaleshwar , Maharashtra.",0,0000-00-00 00:00:00,8653,18426,0,0,4,
5,Kavita,Kavita,Sharma,42,kavitasharma1979@gmail.com,kavitasharma@gmail.com,kavita123,7896543210,female,Kavita.jpg,"Lakeview, 5th Lane, Mahabaleshwar , Maharashtra.",0,0000-00-00 00:00:00,6527,13694,0,0,5,
6,Manoj,Manoj,Yadav,50,manojyadav1971@gmail.com,manojyadav@gmail.com,manoj123,9988776655,male,Manoj.jpg,"Mountain View, 6th Lane, Mahabaleshwar , Maharashtra.",0,0000-00-00 00:00:00,7214,15789,0,0,6,
7,Suman,Suman,Verma,38,sumanverma1983@gmail.com,sumanverma@gmail.com,suman123,8877665544,female,Suman.jpg,"Sunrise Residency, 7th Lane, Mahabaleshwar , Maharashtra.",0,0000-00-00 00:00:00,4932,10971,0,0,7,
8,Vikram,Vikram,Gupta,27,vikramgupta1994@gmail.com,vikramgupta@gmail.com,vikram123,7711223344,male,Vikram.jpg,"Valley Crest, 8th Lane, Mahabaleshwar , Maharashtra.",0,0000-00-00 00:00:00,2346,5248,0,0,8,
9,Kusum,Kusum,Devi,48,kusumdevi1973@gmail.com,kusumdevi@gmail.com,kusum123,9876543210,female,Kusum.jpg,"Hillside Haven, 9th Lane, Mahabaleshwar , Maharashtra.",0,0000-00-00 00:00:00,9832,21547,0,0,9,
10,Rajesh,Rajesh,Singh,33,rajeshsingh1988@gmail.com,rajeshsingh@gmail.com,rajesh123,8956231470,male,Rajesh.jpg,"Ocean Breeze, 10th Lane, Mahabaleshwar , Maharashtra.",0,0000-00-00 00:00:00,5983,12245,0,0,10,
11,Deepika,Deepika,Kumari,25,deepikakumari1996@gmail.com,deepikakumari@gmail.com,deepika123,9898989898,female,Deepika.jpg,"Valley View, 11th Lane, Mahabaleshwar , Maharashtra.",0,0000-00-00 00:00:00,4785,9896,0,0,11,
12,Rahul,Rahul,Sharma,37,rahulsharma1984@gmail.com,rahulsharma@gmail.com,rahul123,7666554433,male,Rahul.jpg,"Forest Edge, 12th Lane, Mahabaleshwar , Maharashtra.",0,0000-00-00 00:00:00,7532,15698,0,0,12,
13,Anita,Anita,Patel,31,anitapatel1990@gmail.com,anitapatel@gmail.com,anita123,9888776655,female,Anita.jpg,"Heritage Haven, 13th Lane, Mahabaleshwar , Maharashtra.",0,0000-00-00 00:00:00,6234,13456,0,0,13,
14,Surya,Surya,Verma,43,suryaverma1978@gmail.com,suryaverma@gmail.com,surya123,7711552266,male,Surya.jpg,"Garden View, 14th Lane, Mahabaleshwar , Maharashtra.",0,0000-00-00 00:00:00,8765,18234,0,0,14,
15,Neelam,Neelam,Sharma,29,neelamsharma1992@gmail.com,neelamsharma@gmail.com,neelam123,9000112233,female,Neelam.jpg,"Parkside Villa, 15th Lane, Mahabaleshwar , Maharashtra.",0,0000-00-00 00:00:00,4210,9321,0,0,15,
16,Rajat,Rajat,Kumar,26,rajatkumar1995@gmail.com,rajatkumar@gmail.com,rajat123,8877669988,male,Rajat.jpg,"Hilltop View, 16th Lane, Mahabaleshwar , Maharashtra.",0,0000-00-00 00:00:00,3689,8256,0,0,16,
17,Sunita,Sunita,Patel,52,sunitapatel1969@gmail.com,sunitapatel@gmail.com,sunita123,9988776611,female,Sunita.jpg,"Riverside Retreat, 17th Lane, Mahabaleshwar , Maharashtra.",0,0000-00-00 00:00:00,10547,22469,0,0,17,
18,Satish,Satish,Yadav,41,satishyadav1980@gmail.com,satishyadav@gmail.com,satish123,9000990033,male,Satish.jpg,"Hillside Heights, 18th Lane, Mahabaleshwar , Maharashtra.",0,0000-00-00 00:00:00,9514,20147,0,0,18,
19,Pooja,Pooja,Sharma,27,poojasharma1994@gmail.com,poojasharma@gmail.com,pooja123,7755669988,female,Pooja.jpg,"Lakefront Villa, 19th Lane, Mahabaleshwar , Maharashtra.",0,0000-00-00 00:00:00,5248,11463,0,0,19,
20,Ajay,Ajay,Kumar,46,ajaykumar1975@gmail.com,ajaykumar@gmail.com,ajay123,8888555599,male,Ajay.jpg,"Sunrise Villa, 20th Lane, Mahabaleshwar , Maharashtra.",0,0000-00-00 00:00:00,12874,26981,0,0,20,
21,Anju,Anju,Singh,30,anjusingh1991@gmail.com,anjusingh@gmail.com,anjusingh123,7711996655,female,Anju.jpg,"Sunset Crest, 21st Lane, Mahabaleshwar , Maharashtra.",0,0000-00-00 00:00:00,6987,14895,0,0,21,
22,Amit,Amit,Verma,55,amitverma1966@gmail.com,amitverma@gmail.com,amit123,9898989898,male,Amit.jpg,"Green Valley, 22nd Lane, Mahabaleshwar , Maharashtra.",0,0000-00-00 00:00:00,14769,31584,0,0,22,
23,Sarita,Sarita,Patel,35,saritapatel1987@gmail.com,saritapatel@gmail.com,sarita123,9000555566,female,Sarita.jpg,"Pine Haven, 23rd Lane, Mahabaleshwar , Maharashtra.",0,0000-00-00 00:00:00,7894,16745,0,0,23,
24,Vikas,Vikas,Kumar,28,vikaskumar1993@gmail.com,vikaskumar@gmail.com,vikas123,8877446655,male,Vikas.jpg,"Silver Crest, 24th Lane, Mahabaleshwar , Maharashtra.",0,0000-00-00 00:00:00,6325,13248,0,0,24,
25,Kajal,Kajal,Sharma,39,kajalsharma1982@gmail.com,kajalsharma@gmail.com,kajal123,7711882233,female,Kajal.jpg,"Lakeview, 25th Lane, Mahabaleshwar , Maharashtra.",0,0000-00-00 00:00:00,10345,21987,0,0,25,
26,Prakash,Prakash,Yadav,47,prakashyadav1974@gmail.com,prakashyadav@gmail.com,prakash123,9988776655,male,Prakash.jpg,"Mountain View, 26th Lane, Mahabaleshwar , Maharashtra.",0,0000-00-00 00:00:00,13654,28947,0,0,26,
27,Sapna,Sapna,Kumari,22,sapnakumari1999@gmail.com,sapnakumari@gmail.com,sapna123,9988779900,female,Sapna.jpg,"Sunrise Residency, 27th Lane, Mahabaleshwar , Maharashtra.",0,0000-00-00 00:00:00,4587,9674,0,0,27,
28,Anil,Anil,Verma,58,anilverma1963@gmail.com,anilverma@gmail.com,anil123,9888776655,male,Anil.jpg,"Valley Crest, 28th Lane, Mahabaleshwar , Maharashtra.",0,0000-00-00 00:00:00,16983,36014,0,0,28,
29,Reena,Reena,Patel,32,reenapatel1989@gmail.com,reenapatel@gmail.com,reena123,9000556677,female,Reena.jpg,"Hillside Haven, 29th Lane, Mahabaleshwar , Maharashtra.",0,0000-00-00 00:00:00,5687,12145,0,0,29,
30,Abhishek,Abhishek,Kumar,31,abhishekkumar1990@gmail.com,abhishekkumar@gmail.com,abhishek123,7711224433,male,Abhishek.jpg,"Forest Edge, 30th Lane, Mahabaleshwar , Maharashtra.",0,0000-00-00 00:00:00,7532,15897,0,0,30,
31,Swati,Swati,Sharma,36,swati.sharma@gmail.com,swati.sharma@hotmail.com,swati123,8877664455,female,Swati.jpg,"Heritage Haven, 31st Lane, Mahabaleshwar , Maharashtra.",0,0000-00-00 00:00:00,6248,13547,0,0,31,
32,Vijay,Vijay,Kumar,23,vijaykumar1998@gmail.com,vijaykumar@gmail.com,vijay123,9000111144,male,Vijay.jpg,"Garden View, 32nd Lane, Mahabaleshwar , Maharashtra.",0,0000-00-00 00:00:00,4147,9265,0,0,32,
33,Anjali,Anjali,Verma,50,anjaliverma1971@gmail.com,anjaliverma@gmail.com,anjali123,9988776655,female,Anjali.jpg,"Lakefront Villa, 33rd Lane, Mahabaleshwar , Maharashtra.",0,0000-00-00 00:00:00,9856,20856,0,0,33,
34,Raj,Raj,Singh,27,rajsingh1994@gmail.com,rajsingh@gmail.com,raj123,7755112233,male,Raj.jpg,"Ocean Breeze, 34th Lane, Mahabaleshwar , Maharashtra.",0,0000-00-00 00:00:00,3689,8124,0,0,34,
35,Sneha,Sneha,Patel,42,snehapatel1979@gmail.com,snehapatel@gmail.com,sneha123,9000444455,female,Sneha.jpg,"Riverside Retreat, 35th Lane, Mahabaleshwar , Maharashtra.",0,0000-00-00 00:00:00,6974,14895,0,0,35,
36,Nitin,Nitin,Kumar,38,nitinkumar1983@gmail.com,nitinkumar@gmail.com,nitin123,9888999900,male,Nitin.jpg,"Sunset Crest, 36th Lane, Mahabaleshwar , Maharashtra.",0,0000-00-00 00:00:00,4825,10345,0,0,36,
37,Kiran,Kiran,Sharma,24,kiransharma1997@gmail.com,kiransharma@gmail.com,kiran123,8877664455,female,Kiran.jpg,"Green Valley, 37th Lane, Mahabaleshwar , Maharashtra.",0,0000-00-00 00:00:00,3698,7956,0,0,37,
38,Arvind,Arvind,Yadav,49,arvindyadav1972@gmail.com,arvindyadav@gmail.com,arvind123,9988774422,male,Arvind.jpg,"Pine Haven, 38th Lane, Mahabaleshwar , Maharashtra.",0,0000-00-00 00:00:00,11256,23895,0,0,38,
39,Mona,Mona,Kumari,28,monakumari1993@gmail.com,monakumari@gmail.com,mona123,7711335566,female,Mona.jpg,"Silver Crest, 39th Lane, Mahabaleshwar , Maharashtra.",0,0000-00-00 00:00:00,6325,13248,0,0,39,
40,Sunil,Sunil,Patel,54,sunilpatel1967@gmail.com,sunilpatel@gmail.com,sunil123,8877665544,male,Sunil.jpg,"Lakeview, 40th Lane, Mahabaleshwar , Maharashtra.",0,0000-00-00 00:00:00,8723,18547,0,0,40,
41,Sweta,Sweta,Sharma,37,swetasharma1984@gmail.com,swetasharma@gmail.com,sweta123,9000118899,female,Sweta.jpg,"Mountain View, 41st Lane, Mahabaleshwar , Maharashtra.",0,0000-00-00 00:00:00,9865,20745,0,0,41,
42,Vishal,Vishal,Kumar,22,vishalkumar1999@gmail.com,vishalkumar@gmail.com,vishal123,9988773355,male,Vishal.jpg,"Lakefront Villa, 42nd Lane, Mahabaleshwar , Maharashtra.",0,0000-00-00 00:00:00,4587,9674,0,0,42,
43,Priyanka,Priyanka,Verma,51,priyankaverma1970@gmail.com,priyankaverma@gmail.com,priyanka123,8877663366,female,Priyanka.jpg,"Sunrise Residency, 43rd Lane, Mahabaleshwar , Maharashtra.",0,0000-00-00 00:00:00,6248,13547,0,0,43,
44,Vishwas,Vishwas,Kumar,23,vishwaskumar1998@gmail.com,vishwaskumar@gmail.com,vishwas123,7755113344,male,Vishwas.jpg,"Hillside Haven, 44th Lane, Mahabaleshwar , Maharashtra.",0,0000-00-00 00:00:00,4256,9265,0,0,44,
45,Swati,Swati,Patel,44,swatipatel1977@gmail.com,swatipatel@gmail.com,swati123,9988775566,female,Swati.jpg,"Heritage Haven, 45th Lane, Mahabaleshwar , Maharashtra.",0,0000-00-00 00:00:00,6987,14895,0,0,45,
46,Vikram,Vikram,Sharma,25,vikramsharma1996@gmail.com,vikramsharma@gmail.com,vikram123,9000553344,male,Vikram.jpg,"Garden View, 46th Lane, Mahabaleshwar , Maharashtra.",0,0000-00-00 00:00:00,4210,9321,0,0,46,
47,Alka,Alka,Kumari,30,alkakumari1991@gmail.com,alkakumari@gmail.com,alka123,8877662233,female,Alka.jpg,"Lakefront Villa, 47th Lane, Mahabaleshwar , Maharashtra.",0,0000-00-00 00:00:00,6987,14895,0,0,47,
48,Rajesh,Rajesh,Sharma,53,rajeshsharma1968@gmail.com,rajeshsharma@gmail.com,rajesh123,9000112255,male,Rajesh.jpg,"Hillside Heights, 48th Lane, Mahabaleshwar , Maharashtra.",0,0000-00-00 00:00:00,10345,21987,0,0,48,
49,Sangeeta,Sangeeta,Yadav,33,sangeetayadav1988@gmail.com,sangeetayadav@gmail.com,sangeeta123,9988776611,female,Sangeeta.jpg,"Sunset Crest, 49th Lane, Mahabaleshwar , Maharashtra.",0,0000-00-00 00:00:00,4825,10345,0,0,49,
50,Arun,Arun,Kumar,26,arunkumar1995@gmail.com,arunkumar@gmail.com,arun123,7755772255,male,Arun.jpg,"Ocean Breeze, 50th Lane, Mahabaleshwar , Maharashtra.",0,0000-00-00 00:00:00,3698,7956,0,0,50,
51,Kavita,Kavita,Sharma,47,kavitasharma1974@gmail.com,kavitasharma@gmail.com,kavita123,8877662211,female,Kavita.jpg,"Riverside Retreat, 51st Lane, Mahabaleshwar , Maharashtra.",0,0000-00-00 00:00:00,6987,14895,0,0,51,
52,Rahul,Rahul,Kumar,34,rahulkumar1987@gmail.com,rahulkumar@gmail.com,rahul123,9988774433,male,Rahul.jpg,"Hillside Haven, 52nd Lane, Mahabaleshwar , Maharashtra.",0,0000-00-00 00:00:00,6325,13248,0,0,52,
53,Poonam,Poonam,Patel,29,poonampatel1992@gmail.com,poonampatel@gmail.com,poonam123,9000559966,female,Poonam.jpg,"Mountain View, 53rd Lane, Mahabaleshwar , Maharashtra.",0,0000-00-00 00:00:00,4578,9754,0,0,53,
54,Amit,Amit,Sharma,45,amitsharma1976@gmail.com,amitsharma@gmail.com,amit123,8877664488,male,Amit.jpg,"Sunrise Residency, 54th Lane, Mahabaleshwar , Maharashtra.",0,0000-00-00 00:00:00,6987,14895,0,0,54,
55,Seema,Seema,Kumari,31,seemakumari1990@gmail.com,seemakumari@gmail.com,seema123,9988774411,female,Seema.jpg,"Valley Crest, 55th Lane, Mahabaleshwar , Maharashtra.",0,0000-00-00 00:00:00,4825,10345,0,0,55,
56,Satish,Satish,Yadav,28,satishyadav1993@gmail.com,satishyadav@gmail.com,satish123,7755449966,male,Satish.jpg,"Heritage Haven, 56th Lane, Mahabaleshwar , Maharashtra.",0,0000-00-00 00:00:00,3689,8124,0,0,56,
57,Priya,Priya,Sharma,49,priyasharma1972@gmail.com,priyasharma@gmail.com,priya123,9000115566,female,Priya.jpg,"Green Valley, 57th Lane, Mahabaleshwar , Maharashtra.",0,0000-00-00 00:00:00,10345,21987,0,0,57,
58,Manoj,Manoj,Kumar,24,manojkumar1997@gmail.com,manojkumar@gmail.com,manoj123,9988772266,male,Manoj.jpg,"Lakeview, 58th Lane, Mahabaleshwar , Maharashtra.",0,0000-00-00 00:00:00,4256,9265,0,0,58,
59,Suman,Suman,Patel,38,sumanpatel1983@gmail.com,sumanpatel@gmail.com,suman123,8877664411,female,Suman.jpg,"Mountain View, 59th Lane, Mahabaleshwar , Maharashtra.",0,0000-00-00 00:00:00,6987,14895,0,0,59,
60,Vikas,Vikas,Sharma,27,vikassharma1994@gmail.com,vikassharma@gmail.com,vikas123,9000117799,male,Vikas.jpg,"Sunrise Villa, 60th Lane, Mahabaleshwar , Maharashtra.",0,0000-00-00 00:00:00,4825,10345,0,0,60,
61,Kusum,Kusum,Kumari,53,kusumkumari1968@gmail.com,kusumkumari@gmail.com,kusum123,9988774411,female,Kusum.jpg,"Sunset Crest, 61st Lane, Mahabaleshwar , Maharashtra.",0,0000-00-00 00:00:00,6987,14895,0,0,61,
62,Rajendra,Rajendra,Kumar,20,rajendrakumar2001@gmail.com,rajendrakumar@gmail.com,rajendra123,7755442299,male,Rajendra.jpg,"Green Valley, 62nd Lane, Mahabaleshwar , Maharashtra.",0,0000-00-00 00:00:00,3689,8124,0,0,62,
63,Neelam,Neelam,Kumari,36,neelamkumari1985@gmail.com,neelamkumari@gmail.com,neelam123,9988772266,female,Neelam.jpg,"Lakeview, 63rd Lane, Mahabaleshwar , Maharashtra.",0,0000-00-00 00:00:00,4256,9265,0,0,63,
64,Sachin,Sachin,Yadav,40,sachinyadav1981@gmail.com,sachinyadav@gmail.com,sachin123,8877667799,male,Sachin.jpg,"Mountain View, 64th Lane, Mahabaleshwar , Maharashtra.",0,0000-00-00 00:00:00,4825,10345,0,0,64,
65,Reena,Reena,Sharma,28,reenasharma1993@gmail.com,reenasharma@gmail.com,reena123,9000113344,female,Reena.jpg,"Sunrise Residency, 65th Lane, Mahabaleshwar , Maharashtra.",0,0000-00-00 00:00:00,10345,21987,0,0,65,
66,Suresh,Suresh,Kumar,50,sureshkumar1971@gmail.com,sureshkumar@gmail.com,suresh123,9988776611,male,Suresh.jpg,"Heritage Haven, 66th Lane, Mahabaleshwar , Maharashtra.",0,0000-00-00 00:00:00,6987,14895,0,0,66,
67,Rani,Rani,Yadav,32,raniyadav1989@gmail.com,raniyadav@gmail.com,rani123,7755443355,female,Rani.jpg,"Green Valley, 67th Lane, Mahabaleshwar , Maharashtra.",0,0000-00-00 00:00:00,3689,8124,0,0,67,
68,Kamal,Kamal,Kumar,47,kamalkumar1974@gmail.com,kamalkumar@gmail.com,kamal123,8877668877,male,Kamal.jpg,"Lakeview, 68th Lane, Mahabaleshwar , Maharashtra.",0,0000-00-00 00:00:00,4825,10345,0,0,68,
69,Komal,Komal,Sharma,25,komalsharma1996@gmail.com,komalsharma@gmail.com,komal123,9000114455,female,Komal.jpg,"Mountain View, 69th Lane, Mahabaleshwar , Maharashtra.",0,0000-00-00 00:00:00,4256,9265,0,0,69,
70,Mukesh,Mukesh,Yadav,29,mukeshyadav1992@gmail.com,mukeshyadav@gmail.com,mukesh123,9988779988,male,Mukesh.jpg,"Sunrise Villa, 70th Lane, Mahabaleshwar , Maharashtra.",0,0000-00-00 00:00:00,10345,21987,0,0,70,
71,Neha,Neha,Sharma,37,nehasharma1984@gmail.com,nehasharma@gmail.com,neha123,7755447799,female,Neha.jpg,"Heritage Haven, 71st Lane, Mahabaleshwar , Maharashtra.",0,0000-00-00 00:00:00,6987,14895,0,0,71,
72,Alok,Alok,Kumar,48,alokkumar1973@gmail.com,alokkumar@gmail.com,alok123,8877664477,male,Alok.jpg,"Green Valley, 72nd Lane, Mahabaleshwar , Maharashtra.",0,0000-00-00 00:00:00,4825,10345,0,0,72,
73,Arti,Arti,Kumari,26,artikumari1995@gmail.com,artikumari@gmail.com,arti123,9000117799,female,Arti.jpg,"Lakeview, 73rd Lane, Mahabaleshwar , Maharashtra.",0,0000-00-00 00:00:00,10345,21987,0,0,73,
74,Rajiv,Rajiv,Sharma,33,rajivsharma1988@gmail.com,rajivsharma@gmail.com,rajiv123,9988776611,male,Rajiv.jpg,"Mountain View, 74th Lane, Mahabaleshwar , Maharashtra.",0,0000-00-00 00:00:00,6987,14895,0,0,74,
75,Manisha,Manisha,Yadav,45,manishayadav1976@gmail.com,manishayadav@gmail.com,manisha123,7755444499,female,Manisha.jpg,"Heritage Haven, 75th Lane, Mahabaleshwar , Maharashtra.",0,0000-00-00 00:00:00,4825,10345,0,0,75,
76,Deepak,Deepak,Kumar,27,deepakkumar1994@gmail.com,deepakkumar@gmail.com,deepak123,8877663366,male,Deepak.jpg,"Green Valley, 76th Lane, Mahabaleshwar , Maharashtra.",0,0000-00-00 00:00:00,3689,8124,0,0,76,
77,Kavita,Kavita,Sharma,50,kavitasharma1971@gmail.com,kavitasharma@gmail.com,kavita123,9988775566,female,Kavita.jpg,"Lakeview, 77th Lane, Mahabaleshwar , Maharashtra.",0,0000-00-00 00:00:00,6987,14895,0,0,77,
78,Rahul,Rahul,Kumar,32,rahulkumar1989@gmail.com,rahulkumar@gmail.com,rahul123,9000115566,male,Rahul.jpg,"Mountain View, 78th Lane, Mahabaleshwar , Maharashtra.",0,0000-00-00 00:00:00,4825,10345,0,0,78,
79,Pooja,Pooja,Yadav,22,poojayadav1999@gmail.com,poojayadav@gmail.com,pooja123,9988773355,female,Pooja.jpg,"Heritage Haven, 79th Lane, Mahabaleshwar , Maharashtra.",0,0000-00-00 00:00:00,3689,8124,0,0,79,
80,Anil,Anil,Kumar,46,anilkumar1975@gmail.com,anilkumar@gmail.com,anil123,8877664411,male,Anil.jpg,"Green Valley, 80th Lane, Mahabaleshwar , Maharashtra.",0,0000-00-00 00:00:00,6987,14895,0,0,80,
81,Neelam,Neelam,Sharma,29,neelamsharma1992@gmail.com,neelamsharma@gmail.com,neelam123,7755447799,female,Neelam.jpg,"Lakeview, 81st Lane, Mahabaleshwar , Maharashtra.",0,0000-00-00 00:00:00,6987,14895,0,0,81,
82,Sanjay,Sanjay,Kumar,39,sanjaykumar1982@gmail.com,sanjaykumar@gmail.com,sanjay123,9988774411,male,Sanjay.jpg,"Heritage Haven, 82nd Lane, Mahabaleshwar , Maharashtra.",0,0000-00-00 00:00:00,4825,10345,0,0,82,
83,Suman,Suman,Sharma,23,sumansharma1998@gmail.com,sumansharma@gmail.com,suman123,9000119988,female,Suman.jpg,"Mountain View, 83rd Lane, Mahabaleshwar , Maharashtra.",0,0000-00-00 00:00:00,10345,21987,0,0,83,
84,Vijay,Vijay,Yadav,47,vijayyadav1974@gmail.com,vijayyadav@gmail.com,vijay123,8877663366,male,Vijay.jpg,"Green Valley, 84th Lane, Mahabaleshwar , Maharashtra.",0,0000-00-00 00:00:00,6987,14895,0,0,84,
85,Poonam,Poonam,Kumari,24,poonamkumari1997@gmail.com,poonamkumari@gmail.com,poonam123,7755442266,female,Poonam.jpg,"Lakeview, 85th Lane, Mahabaleshwar , Maharashtra.",0,0000-00-00 00:00:00,3689,8124,0,0,85,
86,Vikas,Vikas,Kumar,38,vikaskumar1983@gmail.com,vikaskumar@gmail.com,vikas123,9988777799,male,Vikas.jpg,"Mountain View, 86th Lane, Mahabaleshwar , Maharashtra.",0,0000-00-00 00:00:00,4825,10345,0,0,86,
87,Seema,Seema,Sharma,27,seemasharma1994@gmail.com,seemasharma@gmail.com,seema123,8877664488,female,Seema.jpg,"Heritage Haven, 87th Lane, Mahabaleshwar , Maharashtra.",0,0000-00-00 00:00:00,6987,14895,0,0,87,
88,Ankit,Ankit,Kumar,55,ankitkumar1966@gmail.com,ankitkumar@gmail.com,ankit123,9000113344,male,Ankit.jpg,"Green Valley, 88th Lane, Mahabaleshwar , Maharashtra.",0,0000-00-00 00:00:00,3689,8124,0,0,88,
89,Kavita,Kavita,Kumari,41,kavitakumari1980@gmail.com,kavitakumari@gmail.com,kavita123,9988775566,female,Kavita.jpg,"Lakeview, 89th Lane, Mahabaleshwar , Maharashtra.",0,0000-00-00 00:00:00,4825,10345,0,0,89,
90,Rahul,Rahul,Sharma,22,rahulsharma1999@gmail.com,rahulsharma@gmail.com,rahul123,8877663366,male,Rahul.jpg,"Heritage Haven, 90th Lane, Mahabaleshwar , Maharashtra.",0,0000-00-00 00:00:00,6987,14895,0,0,90,
91,Rekha,Rekha,Kumari,30,rekhakumari1991@gmail.com,rekhakumari@gmail.com,rekha123,7755447799,female,Rekha.jpg,"Mountain View, 91st Lane, Mahabaleshwar , Maharashtra.",0,0000-00-00 00:00:00,6987,14895,0,0,91,
92,Vinod,Vinod,Kumar,49,vinodkumar1972@gmail.com,vinodkumar@gmail.com,vinod123,9988774411,male,Vinod.jpg,"Green Valley, 92nd Lane, Mahabaleshwar , Maharashtra.",0,0000-00-00 00:00:00,4825,10345,0,0,92,
93,Geeta,Geeta,Sharma,26,geetasharma1995@gmail.com,geetasharma@gmail.com,geeta123,9000119988,female,Geeta.jpg,"Lakeview, 93rd Lane, Mahabaleshwar , Maharashtra.",0,0000-00-00 00:00:00,10345,21987,0,0,93,
94,Amit,Amit,Yadav,34,amityadav1987@gmail.com,amityadav@gmail.com,amit123,7755442266,male,Amit.jpg,"Mountain View, 94th Lane, Mahabaleshwar , Maharashtra.",0,0000-00-00 00:00:00,3689,8124,0,0,94,
95,Mona,Mona,Kumari,52,monakumari1969@gmail.com,monakumari@gmail.com,mona123,8877663366,female,Mona.jpg,"Heritage Haven, 95th Lane, Mahabaleshwar , Maharashtra.",0,0000-00-00 00:00:00,6987,14895,0,0,95,
96,Vijay,Vijay,Kumar,21,vijaykumar2000@gmail.com,vijaykumar@gmail.com,vijay123,9988775566,male,Vijay.jpg,"Green Valley, 96th Lane, Mahabaleshwar , Maharashtra.",0,0000-00-00 00:00:00,4825,10345,0,0,96,
97,Poonam,Poonam,Sharma,35,poonamsharma1986@gmail.com,poonamsharma@gmail.com,poonam123,7755447799,female,Poonam.jpg,"Lakeview, 97th Lane, Mahabaleshwar , Maharashtra.",0,0000-00-00 00:00:00,6987,14895,0,0,97,
98,Santosh,Santosh,Kumar,44,santoshkumar1977@gmail.com,santoshkumar@gmail.com,santosh123,9988774411,male,Santosh.jpg,"Mountain View, 98th Lane, Mahabaleshwar , Maharashtra.",0,0000-00-00 00:00:00,4825,10345,0,0,98,
99,Sneha,Sneha,Sharma,25,snehasharma1996@gmail.com,snehasharma@gmail.com,sneha123,9000119988,female,Sneha.jpg,"Heritage Haven, 99th Lane, Mahabaleshwar , Maharashtra.",0,0000-00-00 00:00:00,10345,21987,0,0,99,
100,Vijay,Vijay,Yadav,36,vijayyadav1985@gmail.com,vijayyadav@gmail.com,vijay123,8877663366,male,Vijay.jpg,"Green Valley, 100th Lane, Mahabaleshwar , Maharashtra.",0,0000-00-00 00:00:00,6987,14895,0,0,100,
101,Sangeeta,Sangeeta,Kumari,28,sangeetakumari1993@gmail.com,sangeetakumari@gmail.com,sangeeta123,9988775566,female,Sangeeta.jpg,"Lakeview, 101st Lane, Mahabaleshwar , Maharashtra.",0,0000-00-00 00:00:00,4825,10345,0,0,101,
